{
    "name": "PCF857X", 
    "keywords": [
        "pcf857x", 
        "pcf8574", 
        "pcf8575", 
        "i2c", 
        "expander", 
        "input", 
        "output"
    ], 
    "description": "Input/Output expander with interface I2C", 
    "version": "2.1", 
    "repository": {
        "type": "git", 
        "url": "https://github.com/microseti/pcf857x.git"
    }, 
    "frameworks": [
        "arduino"
    ], 
    "platforms": [
        "atmelavr", 
        "atmelsam", 
        "espressif32", 
        "espressif8266", 
        "intel_arc32", 
        "microchippic32", 
        "nordicnrf51", 
        "nordicnrf52", 
        "ststm32", 
        "teensy", 
        "timsp430"
    ], 
    "authors": [
        {
            "email": null, 
            "url": "https://github.com/microseti", 
            "maintainer": false, 
            "name": "microseti"
        }
    ], 
    "id": 5734
}