{
    "description": "Library to control a PCA9685 16-channel PWM driver module from an Arduino board.", 
    "repository": {
        "url": "https://github.com/OttoWinter/PCA9685-Arduino", 
        "type": "git"
    }, 
    "platforms": [
        "atmelavr", 
        "atmelsam", 
        "espressif32", 
        "espressif8266", 
        "intel_arc32", 
        "microchippic32", 
        "nordicnrf51", 
        "nordicnrf52", 
        "ststm32", 
        "teensy", 
        "timsp430"
    ], 
    "export": {
        "exclude": [
            "extras", 
            "docs", 
            "tests", 
            "test", 
            "*.doxyfile", 
            "*.pdf"
        ], 
        "include": null
    }, 
    "authors": [
        {
            "maintainer": true, 
            "name": "NachtRaveVL", 
            "url": null, 
            "email": "nachtravevl@gmail.com"
        }, 
        {
            "maintainer": false, 
            "name": "Vitska", 
            "url": null, 
            "email": null
        }, 
        {
            "maintainer": false, 
            "name": "Kasper Sk\u00e5rh\u00f8j", 
            "url": null, 
            "email": "kasperskaarhoj@gmail.com"
        }
    ], 
    "keywords": [
        "device", 
        "control"
    ], 
    "id": 2100, 
    "name": "PCA9685 16-Channel PWM Driver Module Library", 
    "frameworks": [
        "arduino"
    ], 
    "version": "1.2.9", 
    "homepage": "https://github.com/NachtRaveVL/PCA9685-Arduino"
}